Unnamed: 0,store_id,product_id,quantity,timestamp,source
0,1,1,27,2024-04-28 17:44:44.828610,DataLake
1,1,2,5,2024-04-28 17:44:44.828610,DataLake
2,1,3,6,2024-04-28 17:44:44.828610,DataLake
3,1,4,23,2024-04-28 17:44:44.828610,DataLake
4,1,5,22,2024-04-28 17:44:44.828610,DataLake
5,1,6,0,2024-04-28 17:44:44.828610,DataLake
6,1,7,8,2024-04-28 17:44:44.828610,DataLake
7,1,8,0,2024-04-28 17:44:44.828610,DataLake
8,1,9,11,2024-04-28 17:44:44.828610,DataLake
9,1,10,15,2024-04-28 17:44:44.828610,DataLake
10,1,11,8,2024-04-28 17:44:44.828610,DataLake
11,1,12,16,2024-04-28 17:44:44.828610,DataLake
12,1,13,13,2024-04-28 17:44:44.828610,DataLake
13,1,14,8,2024-04-28 17:44:44.828610,DataLake
14,1,15,3,2024-04-28 17:44:44.828610,DataLake
15,1,16,4,2024-04-28 17:44:44.828610,DataLake
16,1,17,2,2024-04-28 17:44:44.828610,DataLake
17,1,18,16,2024-04-28 17:44:44.828610,DataLake
18,1,19,4,2024-04-28 17:44:44.828610,DataLake
19,1,20,26,2024-04-28 17:44:44.828610,DataLake
20,1,21,24,2024-04-28 17:44:44.828610,DataLake
21,1,22,29,2024-04-28 17:44:44.828610,DataLake
22,1,23,9,2024-04-28 17:44:44.828610,DataLake
23,1,24,10,2024-04-28 17:44:44.828610,DataLake
24,1,25,10,2024-04-28 17:44:44.828610,DataLake
25,1,26,16,2024-04-28 17:44:44.828610,DataLake
26,1,27,21,2024-04-28 17:44:44.828610,DataLake
27,1,28,20,2024-04-28 17:44:44.828610,DataLake
28,1,29,13,2024-04-28 17:44:44.828610,DataLake
29,1,30,30,2024-04-28 17:44:44.828610,DataLake
30,1,31,2,2024-04-28 17:44:44.828610,DataLake
31,1,32,0,2024-04-28 17:44:44.828610,DataLake
32,1,33,10,2024-04-28 17:44:44.828610,DataLake
33,1,34,2,2024-04-28 17:44:44.828610,DataLake
34,1,35,18,2024-04-28 17:44:44.828610,DataLake
35,1,36,26,2024-04-28 17:44:44.828610,DataLake
36,1,37,12,2024-04-28 17:44:44.828610,DataLake
37,1,38,13,2024-04-28 17:44:44.828610,DataLake
38,1,39,2,2024-04-28 17:44:44.828610,DataLake
39,1,40,24,2024-04-28 17:44:44.828610,DataLake
40,1,41,10,2024-04-28 17:44:44.828610,DataLake
41,1,42,0,2024-04-28 17:44:44.828610,DataLake
42,1,43,2,2024-04-28 17:44:44.828610,DataLake
43,1,44,1,2024-04-28 17:44:44.828610,DataLake
44,1,45,15,2024-04-28 17:44:44.828610,DataLake
45,1,46,19,2024-04-28 17:44:44.828610,DataLake
46,1,47,21,2024-04-28 17:44:44.828610,DataLake
47,1,48,5,2024-04-28 17:44:44.828610,DataLake
48,1,49,8,2024-04-28 17:44:44.828610,DataLake
49,1,50,29,2024-04-28 17:44:44.828610,DataLake
50,1,51,2,2024-04-28 17:44:44.828610,DataLake
51,1,52,18,2024-04-28 17:44:44.828610,DataLake
52,1,53,17,2024-04-28 17:44:44.828610,DataLake
53,1,54,11,2024-04-28 17:44:44.828610,DataLake
54,1,55,11,2024-04-28 17:44:44.828610,DataLake
55,1,56,15,2024-04-28 17:44:44.828610,DataLake
56,1,57,1,2024-04-28 17:44:44.828610,DataLake
57,1,58,1,2024-04-28 17:44:44.828610,DataLake
58,1,59,22,2024-04-28 17:44:44.828610,DataLake
59,1,60,19,2024-04-28 17:44:44.828610,DataLake
60,1,61,30,2024-04-28 17:44:44.828610,DataLake
61,1,62,21,2024-04-28 17:44:44.828610,DataLake
62,1,63,4,2024-04-28 17:44:44.828610,DataLake
63,1,64,30,2024-04-28 17:44:44.828610,DataLake
64,1,65,10,2024-04-28 17:44:44.828610,DataLake
65,1,66,12,2024-04-28 17:44:44.828610,DataLake
66,1,67,19,2024-04-28 17:44:44.828610,DataLake
67,1,68,30,2024-04-28 17:44:44.828610,DataLake
68,1,69,4,2024-04-28 17:44:44.828610,DataLake
69,1,70,3,2024-04-28 17:44:44.828610,DataLake
70,1,71,25,2024-04-28 17:44:44.828610,DataLake
71,1,72,9,2024-04-28 17:44:44.828610,DataLake
72,1,73,7,2024-04-28 17:44:44.828610,DataLake
73,1,74,9,2024-04-28 17:44:44.828610,DataLake
74,1,75,23,2024-04-28 17:44:44.828610,DataLake
75,1,76,15,2024-04-28 17:44:44.828610,DataLake
76,1,77,16,2024-04-28 17:44:44.828610,DataLake
77,1,78,13,2024-04-28 17:44:44.828610,DataLake
78,1,79,13,2024-04-28 17:44:44.828610,DataLake
79,1,80,11,2024-04-28 17:44:44.828610,DataLake
80,1,81,25,2024-04-28 17:44:44.828610,DataLake
81,1,82,1,2024-04-28 17:44:44.828610,DataLake
82,1,83,13,2024-04-28 17:44:44.828610,DataLake
83,1,84,11,2024-04-28 17:44:44.828610,DataLake
84,1,85,23,2024-04-28 17:44:44.828610,DataLake
85,1,86,19,2024-04-28 17:44:44.828610,DataLake
86,1,87,27,2024-04-28 17:44:44.828610,DataLake
87,1,88,7,2024-04-28 17:44:44.828610,DataLake
88,1,89,9,2024-04-28 17:44:44.828610,DataLake
89,1,90,4,2024-04-28 17:44:44.828610,DataLake
90,1,91,8,2024-04-28 17:44:44.828610,DataLake
91,1,92,0,2024-04-28 17:44:44.828610,DataLake
92,1,93,22,2024-04-28 17:44:44.828610,DataLake
93,1,94,6,2024-04-28 17:44:44.828610,DataLake
94,1,95,25,2024-04-28 17:44:44.828610,DataLake
95,1,96,20,2024-04-28 17:44:44.828610,DataLake
96,1,97,20,2024-04-28 17:44:44.828610,DataLake
97,1,98,28,2024-04-28 17:44:44.828610,DataLake
98,1,99,28,2024-04-28 17:44:44.828610,DataLake
99,1,100,15,2024-04-28 17:44:44.828610,DataLake
100,1,101,17,2024-04-28 17:44:44.828610,DataLake
101,1,102,9,2024-04-28 17:44:44.828610,DataLake
102,1,103,13,2024-04-28 17:44:44.828610,DataLake
103,1,104,25,2024-04-28 17:44:44.828610,DataLake
104,1,105,7,2024-04-28 17:44:44.828610,DataLake
105,1,106,30,2024-04-28 17:44:44.828610,DataLake
106,1,107,20,2024-04-28 17:44:44.828610,DataLake
107,1,108,15,2024-04-28 17:44:44.828610,DataLake
108,1,109,30,2024-04-28 17:44:44.828610,DataLake
109,1,110,1,2024-04-28 17:44:44.828610,DataLake
110,1,111,11,2024-04-28 17:44:44.828610,DataLake
111,1,112,17,2024-04-28 17:44:44.828610,DataLake
112,1,113,24,2024-04-28 17:44:44.828610,DataLake
113,1,114,3,2024-04-28 17:44:44.828610,DataLake
114,1,115,10,2024-04-28 17:44:44.828610,DataLake
115,1,116,24,2024-04-28 17:44:44.828610,DataLake
116,1,117,15,2024-04-28 17:44:44.828610,DataLake
117,1,118,12,2024-04-28 17:44:44.828610,DataLake
118,1,119,17,2024-04-28 17:44:44.828610,DataLake
119,1,120,23,2024-04-28 17:44:44.828610,DataLake
120,1,121,19,2024-04-28 17:44:44.828610,DataLake
121,1,122,22,2024-04-28 17:44:44.828610,DataLake
122,1,123,8,2024-04-28 17:44:44.828610,DataLake
123,1,124,23,2024-04-28 17:44:44.828610,DataLake
124,1,125,22,2024-04-28 17:44:44.828610,DataLake
125,1,126,28,2024-04-28 17:44:44.828610,DataLake
126,1,127,12,2024-04-28 17:44:44.828610,DataLake
127,1,128,11,2024-04-28 17:44:44.828610,DataLake
128,1,129,21,2024-04-28 17:44:44.828610,DataLake
129,1,130,22,2024-04-28 17:44:44.828610,DataLake
130,1,131,20,2024-04-28 17:44:44.828610,DataLake
131,1,132,1,2024-04-28 17:44:44.828610,DataLake
132,1,133,9,2024-04-28 17:44:44.828610,DataLake
133,1,134,26,2024-04-28 17:44:44.828610,DataLake
134,1,135,15,2024-04-28 17:44:44.828610,DataLake
135,1,136,12,2024-04-28 17:44:44.828610,DataLake
136,1,137,12,2024-04-28 17:44:44.828610,DataLake
137,1,138,6,2024-04-28 17:44:44.828610,DataLake
138,1,139,17,2024-04-28 17:44:44.828610,DataLake
139,1,140,3,2024-04-28 17:44:44.828610,DataLake
140,1,141,21,2024-04-28 17:44:44.828610,DataLake
141,1,142,22,2024-04-28 17:44:44.828610,DataLake
142,1,143,19,2024-04-28 17:44:44.828610,DataLake
143,1,144,7,2024-04-28 17:44:44.828610,DataLake
144,1,145,5,2024-04-28 17:44:44.828610,DataLake
145,1,146,6,2024-04-28 17:44:44.828610,DataLake
146,1,147,8,2024-04-28 17:44:44.828610,DataLake
147,1,148,6,2024-04-28 17:44:44.828610,DataLake
148,1,149,1,2024-04-28 17:44:44.828610,DataLake
149,1,150,22,2024-04-28 17:44:44.828610,DataLake
150,1,151,24,2024-04-28 17:44:44.828610,DataLake
151,1,152,12,2024-04-28 17:44:44.828610,DataLake
152,1,153,25,2024-04-28 17:44:44.828610,DataLake
153,1,154,13,2024-04-28 17:44:44.828610,DataLake
154,1,155,8,2024-04-28 17:44:44.828610,DataLake
155,1,156,13,2024-04-28 17:44:44.828610,DataLake
156,1,157,25,2024-04-28 17:44:44.828610,DataLake
157,1,158,11,2024-04-28 17:44:44.828610,DataLake
158,1,159,18,2024-04-28 17:44:44.828610,DataLake
159,1,160,0,2024-04-28 17:44:44.828610,DataLake
160,1,161,17,2024-04-28 17:44:44.828610,DataLake
161,1,162,14,2024-04-28 17:44:44.828610,DataLake
162,1,163,0,2024-04-28 17:44:44.828610,DataLake
163,1,164,15,2024-04-28 17:44:44.828610,DataLake
164,1,165,16,2024-04-28 17:44:44.828610,DataLake
165,1,166,23,2024-04-28 17:44:44.828610,DataLake
166,1,167,28,2024-04-28 17:44:44.828610,DataLake
167,1,168,0,2024-04-28 17:44:44.828610,DataLake
168,1,169,25,2024-04-28 17:44:44.828610,DataLake
169,1,170,14,2024-04-28 17:44:44.828610,DataLake
170,1,171,3,2024-04-28 17:44:44.828610,DataLake
171,1,172,3,2024-04-28 17:44:44.828610,DataLake
172,1,173,2,2024-04-28 17:44:44.828610,DataLake
173,1,174,26,2024-04-28 17:44:44.828610,DataLake
174,1,175,2,2024-04-28 17:44:44.828610,DataLake
175,1,176,11,2024-04-28 17:44:44.828610,DataLake
176,1,177,19,2024-04-28 17:44:44.828610,DataLake
177,1,178,23,2024-04-28 17:44:44.828610,DataLake
178,1,179,16,2024-04-28 17:44:44.828610,DataLake
179,1,180,5,2024-04-28 17:44:44.828610,DataLake
180,1,181,19,2024-04-28 17:44:44.828610,DataLake
181,1,182,28,2024-04-28 17:44:44.828610,DataLake
182,1,183,11,2024-04-28 17:44:44.828610,DataLake
183,1,184,4,2024-04-28 17:44:44.828610,DataLake
184,1,185,3,2024-04-28 17:44:44.828610,DataLake
185,1,186,1,2024-04-28 17:44:44.828610,DataLake
186,1,187,16,2024-04-28 17:44:44.828610,DataLake
187,1,188,30,2024-04-28 17:44:44.828610,DataLake
188,1,189,6,2024-04-28 17:44:44.828610,DataLake
189,1,190,21,2024-04-28 17:44:44.828610,DataLake
190,1,191,21,2024-04-28 17:44:44.828610,DataLake
191,1,192,20,2024-04-28 17:44:44.828610,DataLake
192,1,193,30,2024-04-28 17:44:44.828610,DataLake
193,1,194,24,2024-04-28 17:44:44.828610,DataLake
194,1,195,1,2024-04-28 17:44:44.828610,DataLake
195,1,196,26,2024-04-28 17:44:44.828610,DataLake
196,1,197,22,2024-04-28 17:44:44.828610,DataLake
197,1,198,1,2024-04-28 17:44:44.828610,DataLake
198,1,199,2,2024-04-28 17:44:44.828610,DataLake
199,1,200,27,2024-04-28 17:44:44.828610,DataLake
200,1,201,16,2024-04-28 17:44:44.828610,DataLake
201,1,202,5,2024-04-28 17:44:44.828610,DataLake
202,1,203,4,2024-04-28 17:44:44.828610,DataLake
203,1,204,23,2024-04-28 17:44:44.828610,DataLake
204,1,205,9,2024-04-28 17:44:44.828610,DataLake
205,1,206,10,2024-04-28 17:44:44.828610,DataLake
206,1,207,27,2024-04-28 17:44:44.828610,DataLake
207,1,208,13,2024-04-28 17:44:44.828610,DataLake
208,1,209,22,2024-04-28 17:44:44.828610,DataLake
209,1,210,25,2024-04-28 17:44:44.828610,DataLake
210,1,211,13,2024-04-28 17:44:44.828610,DataLake
211,1,212,17,2024-04-28 17:44:44.828610,DataLake
212,1,213,14,2024-04-28 17:44:44.828610,DataLake
213,1,214,4,2024-04-28 17:44:44.828610,DataLake
214,1,215,1,2024-04-28 17:44:44.828610,DataLake
215,1,216,11,2024-04-28 17:44:44.828610,DataLake
216,1,217,11,2024-04-28 17:44:44.828610,DataLake
217,1,218,27,2024-04-28 17:44:44.828610,DataLake
218,1,219,30,2024-04-28 17:44:44.828610,DataLake
219,1,220,4,2024-04-28 17:44:44.828610,DataLake
220,1,221,7,2024-04-28 17:44:44.828610,DataLake
221,1,222,12,2024-04-28 17:44:44.828610,DataLake
222,1,223,3,2024-04-28 17:44:44.828610,DataLake
223,1,224,16,2024-04-28 17:44:44.828610,DataLake
224,1,225,24,2024-04-28 17:44:44.828610,DataLake
225,1,226,18,2024-04-28 17:44:44.828610,DataLake
226,1,227,19,2024-04-28 17:44:44.828610,DataLake
227,1,228,22,2024-04-28 17:44:44.828610,DataLake
228,1,229,27,2024-04-28 17:44:44.828610,DataLake
229,1,230,7,2024-04-28 17:44:44.828610,DataLake
230,1,231,25,2024-04-28 17:44:44.828610,DataLake
231,1,232,5,2024-04-28 17:44:44.828610,DataLake
232,1,233,5,2024-04-28 17:44:44.828610,DataLake
233,1,234,13,2024-04-28 17:44:44.828610,DataLake
234,1,235,7,2024-04-28 17:44:44.828610,DataLake
235,1,236,18,2024-04-28 17:44:44.828610,DataLake
236,1,237,26,2024-04-28 17:44:44.828610,DataLake
237,1,238,20,2024-04-28 17:44:44.828610,DataLake
238,1,239,28,2024-04-28 17:44:44.828610,DataLake
239,1,240,17,2024-04-28 17:44:44.828610,DataLake
240,1,241,17,2024-04-28 17:44:44.828610,DataLake
241,1,242,10,2024-04-28 17:44:44.828610,DataLake
242,1,243,11,2024-04-28 17:44:44.828610,DataLake
243,1,244,10,2024-04-28 17:44:44.828610,DataLake
244,1,245,3,2024-04-28 17:44:44.828610,DataLake
245,1,246,0,2024-04-28 17:44:44.828610,DataLake
246,1,247,15,2024-04-28 17:44:44.828610,DataLake
247,1,248,14,2024-04-28 17:44:44.828610,DataLake
248,1,249,27,2024-04-28 17:44:44.828610,DataLake
249,1,250,3,2024-04-28 17:44:44.828610,DataLake
250,1,251,2,2024-04-28 17:44:44.828610,DataLake
251,1,252,28,2024-04-28 17:44:44.828610,DataLake
252,1,253,16,2024-04-28 17:44:44.828610,DataLake
253,1,254,24,2024-04-28 17:44:44.828610,DataLake
254,1,255,13,2024-04-28 17:44:44.828610,DataLake
255,1,256,20,2024-04-28 17:44:44.828610,DataLake
256,1,257,17,2024-04-28 17:44:44.828610,DataLake
257,1,258,25,2024-04-28 17:44:44.828610,DataLake
258,1,259,10,2024-04-28 17:44:44.828610,DataLake
259,1,260,20,2024-04-28 17:44:44.828610,DataLake
260,1,261,3,2024-04-28 17:44:44.828610,DataLake
261,1,262,6,2024-04-28 17:44:44.828610,DataLake
262,1,263,21,2024-04-28 17:44:44.828610,DataLake
263,1,264,16,2024-04-28 17:44:44.828610,DataLake
264,1,265,28,2024-04-28 17:44:44.828610,DataLake
265,1,266,1,2024-04-28 17:44:44.828610,DataLake
266,1,267,27,2024-04-28 17:44:44.828610,DataLake
267,1,268,23,2024-04-28 17:44:44.828610,DataLake
268,1,269,22,2024-04-28 17:44:44.828610,DataLake
269,1,270,16,2024-04-28 17:44:44.828610,DataLake
270,1,271,6,2024-04-28 17:44:44.828610,DataLake
271,1,272,14,2024-04-28 17:44:44.828610,DataLake
272,1,273,20,2024-04-28 17:44:44.828610,DataLake
273,1,274,19,2024-04-28 17:44:44.828610,DataLake
274,1,275,28,2024-04-28 17:44:44.828610,DataLake
275,1,276,7,2024-04-28 17:44:44.828610,DataLake
276,1,277,13,2024-04-28 17:44:44.828610,DataLake
277,1,278,17,2024-04-28 17:44:44.828610,DataLake
278,1,279,17,2024-04-28 17:44:44.828610,DataLake
279,1,280,23,2024-04-28 17:44:44.828610,DataLake
280,1,281,11,2024-04-28 17:44:44.828610,DataLake
281,1,282,6,2024-04-28 17:44:44.828610,DataLake
282,1,283,10,2024-04-28 17:44:44.828610,DataLake
283,1,284,27,2024-04-28 17:44:44.828610,DataLake
284,1,285,20,2024-04-28 17:44:44.828610,DataLake
285,1,286,28,2024-04-28 17:44:44.828610,DataLake
286,1,287,2,2024-04-28 17:44:44.828610,DataLake
287,1,288,9,2024-04-28 17:44:44.828610,DataLake
288,1,289,2,2024-04-28 17:44:44.828610,DataLake
289,1,290,8,2024-04-28 17:44:44.828610,DataLake
290,1,291,9,2024-04-28 17:44:44.828610,DataLake
291,1,292,30,2024-04-28 17:44:44.828610,DataLake
292,1,293,18,2024-04-28 17:44:44.828610,DataLake
293,1,294,3,2024-04-28 17:44:44.828610,DataLake
294,1,295,24,2024-04-28 17:44:44.828610,DataLake
295,1,296,9,2024-04-28 17:44:44.828610,DataLake
296,1,297,22,2024-04-28 17:44:44.828610,DataLake
297,1,298,26,2024-04-28 17:44:44.828610,DataLake
298,1,299,18,2024-04-28 17:44:44.828610,DataLake
299,1,300,7,2024-04-28 17:44:44.828610,DataLake
300,1,301,10,2024-04-28 17:44:44.828610,DataLake
301,1,302,0,2024-04-28 17:44:44.828610,DataLake
302,1,303,12,2024-04-28 17:44:44.828610,DataLake
303,1,304,15,2024-04-28 17:44:44.828610,DataLake
304,1,305,23,2024-04-28 17:44:44.828610,DataLake
305,1,306,21,2024-04-28 17:44:44.828610,DataLake
306,1,307,17,2024-04-28 17:44:44.828610,DataLake
307,1,308,23,2024-04-28 17:44:44.828610,DataLake
308,1,309,7,2024-04-28 17:44:44.828610,DataLake
309,1,310,18,2024-04-28 17:44:44.828610,DataLake
310,1,311,20,2024-04-28 17:44:44.828610,DataLake
311,1,312,23,2024-04-28 17:44:44.828610,DataLake
312,1,313,14,2024-04-28 17:44:44.828610,DataLake
313,2,1,14,2024-04-28 17:44:44.828610,DataLake
314,2,2,16,2024-04-28 17:44:44.828610,DataLake
315,2,3,28,2024-04-28 17:44:44.828610,DataLake
316,2,4,2,2024-04-28 17:44:44.828610,DataLake
317,2,5,1,2024-04-28 17:44:44.828610,DataLake
318,2,6,11,2024-04-28 17:44:44.828610,DataLake
319,2,7,8,2024-04-28 17:44:44.828610,DataLake
320,2,8,1,2024-04-28 17:44:44.828610,DataLake
321,2,9,17,2024-04-28 17:44:44.828610,DataLake
322,2,10,13,2024-04-28 17:44:44.828610,DataLake
323,2,11,21,2024-04-28 17:44:44.828610,DataLake
324,2,12,2,2024-04-28 17:44:44.828610,DataLake
325,2,13,1,2024-04-28 17:44:44.828610,DataLake
326,2,14,18,2024-04-28 17:44:44.828610,DataLake
327,2,15,6,2024-04-28 17:44:44.828610,DataLake
328,2,16,20,2024-04-28 17:44:44.828610,DataLake
329,2,17,3,2024-04-28 17:44:44.828610,DataLake
330,2,18,13,2024-04-28 17:44:44.828610,DataLake
331,2,19,15,2024-04-28 17:44:44.828610,DataLake
332,2,20,20,2024-04-28 17:44:44.828610,DataLake
333,2,21,16,2024-04-28 17:44:44.828610,DataLake
334,2,22,0,2024-04-28 17:44:44.828610,DataLake
335,2,23,12,2024-04-28 17:44:44.828610,DataLake
336,2,24,16,2024-04-28 17:44:44.828610,DataLake
337,2,25,18,2024-04-28 17:44:44.828610,DataLake
338,2,26,2,2024-04-28 17:44:44.828610,DataLake
339,2,27,10,2024-04-28 17:44:44.828610,DataLake
340,2,28,25,2024-04-28 17:44:44.828610,DataLake
341,2,29,29,2024-04-28 17:44:44.828610,DataLake
342,2,30,17,2024-04-28 17:44:44.828610,DataLake
343,2,31,10,2024-04-28 17:44:44.828610,DataLake
344,2,32,13,2024-04-28 17:44:44.828610,DataLake
345,2,33,8,2024-04-28 17:44:44.828610,DataLake
346,2,34,24,2024-04-28 17:44:44.828610,DataLake
347,2,35,25,2024-04-28 17:44:44.828610,DataLake
348,2,36,15,2024-04-28 17:44:44.828610,DataLake
349,2,37,5,2024-04-28 17:44:44.828610,DataLake
350,2,38,18,2024-04-28 17:44:44.828610,DataLake
351,2,39,28,2024-04-28 17:44:44.828610,DataLake
352,2,40,15,2024-04-28 17:44:44.828610,DataLake
353,2,41,6,2024-04-28 17:44:44.828610,DataLake
354,2,42,16,2024-04-28 17:44:44.828610,DataLake
355,2,43,2,2024-04-28 17:44:44.828610,DataLake
356,2,44,24,2024-04-28 17:44:44.828610,DataLake
357,2,45,13,2024-04-28 17:44:44.828610,DataLake
358,2,46,18,2024-04-28 17:44:44.828610,DataLake
359,2,47,0,2024-04-28 17:44:44.828610,DataLake
360,2,48,20,2024-04-28 17:44:44.828610,DataLake
361,2,49,4,2024-04-28 17:44:44.828610,DataLake
362,2,50,7,2024-04-28 17:44:44.828610,DataLake
363,2,51,8,2024-04-28 17:44:44.828610,DataLake
364,2,52,23,2024-04-28 17:44:44.828610,DataLake
365,2,53,19,2024-04-28 17:44:44.828610,DataLake
366,2,54,6,2024-04-28 17:44:44.828610,DataLake
367,2,55,5,2024-04-28 17:44:44.828610,DataLake
368,2,56,20,2024-04-28 17:44:44.828610,DataLake
369,2,57,27,2024-04-28 17:44:44.828610,DataLake
370,2,58,15,2024-04-28 17:44:44.828610,DataLake
371,2,59,17,2024-04-28 17:44:44.828610,DataLake
372,2,60,1,2024-04-28 17:44:44.828610,DataLake
373,2,61,20,2024-04-28 17:44:44.828610,DataLake
374,2,62,4,2024-04-28 17:44:44.828610,DataLake
375,2,63,5,2024-04-28 17:44:44.828610,DataLake
376,2,64,30,2024-04-28 17:44:44.828610,DataLake
377,2,65,16,2024-04-28 17:44:44.828610,DataLake
378,2,66,22,2024-04-28 17:44:44.828610,DataLake
379,2,67,8,2024-04-28 17:44:44.828610,DataLake
380,2,68,23,2024-04-28 17:44:44.828610,DataLake
381,2,69,22,2024-04-28 17:44:44.828610,DataLake
382,2,70,6,2024-04-28 17:44:44.828610,DataLake
383,2,71,30,2024-04-28 17:44:44.828610,DataLake
384,2,72,1,2024-04-28 17:44:44.828610,DataLake
385,2,73,20,2024-04-28 17:44:44.828610,DataLake
386,2,74,23,2024-04-28 17:44:44.828610,DataLake
387,2,75,11,2024-04-28 17:44:44.828610,DataLake
388,2,76,20,2024-04-28 17:44:44.828610,DataLake
389,2,77,25,2024-04-28 17:44:44.828610,DataLake
390,2,78,4,2024-04-28 17:44:44.828610,DataLake
391,2,79,29,2024-04-28 17:44:44.828610,DataLake
392,2,80,27,2024-04-28 17:44:44.828610,DataLake
393,2,81,19,2024-04-28 17:44:44.828610,DataLake
394,2,82,4,2024-04-28 17:44:44.828610,DataLake
395,2,83,21,2024-04-28 17:44:44.828610,DataLake
396,2,84,22,2024-04-28 17:44:44.828610,DataLake
397,2,85,6,2024-04-28 17:44:44.828610,DataLake
398,2,86,24,2024-04-28 17:44:44.828610,DataLake
399,2,87,14,2024-04-28 17:44:44.828610,DataLake
400,2,88,8,2024-04-28 17:44:44.828610,DataLake
401,2,89,8,2024-04-28 17:44:44.828610,DataLake
402,2,90,26,2024-04-28 17:44:44.828610,DataLake
403,2,91,0,2024-04-28 17:44:44.828610,DataLake
404,2,92,22,2024-04-28 17:44:44.828610,DataLake
405,2,93,22,2024-04-28 17:44:44.828610,DataLake
406,2,94,2,2024-04-28 17:44:44.828610,DataLake
407,2,95,10,2024-04-28 17:44:44.828610,DataLake
408,2,96,22,2024-04-28 17:44:44.828610,DataLake
409,2,97,15,2024-04-28 17:44:44.828610,DataLake
410,2,98,14,2024-04-28 17:44:44.828610,DataLake
411,2,99,24,2024-04-28 17:44:44.828610,DataLake
412,2,100,12,2024-04-28 17:44:44.828610,DataLake
413,2,101,4,2024-04-28 17:44:44.828610,DataLake
414,2,102,12,2024-04-28 17:44:44.828610,DataLake
415,2,103,1,2024-04-28 17:44:44.828610,DataLake
416,2,104,26,2024-04-28 17:44:44.828610,DataLake
417,2,105,3,2024-04-28 17:44:44.828610,DataLake
418,2,106,7,2024-04-28 17:44:44.828610,DataLake
419,2,107,29,2024-04-28 17:44:44.828610,DataLake
420,2,108,29,2024-04-28 17:44:44.828610,DataLake
421,2,109,25,2024-04-28 17:44:44.828610,DataLake
422,2,110,7,2024-04-28 17:44:44.828610,DataLake
423,2,111,6,2024-04-28 17:44:44.828610,DataLake
424,2,112,1,2024-04-28 17:44:44.828610,DataLake
425,2,113,7,2024-04-28 17:44:44.828610,DataLake
426,2,114,12,2024-04-28 17:44:44.828610,DataLake
427,2,115,19,2024-04-28 17:44:44.828610,DataLake
428,2,116,17,2024-04-28 17:44:44.828610,DataLake
429,2,117,18,2024-04-28 17:44:44.828610,DataLake
430,2,118,25,2024-04-28 17:44:44.828610,DataLake
431,2,119,23,2024-04-28 17:44:44.828610,DataLake
432,2,120,16,2024-04-28 17:44:44.828610,DataLake
433,2,121,3,2024-04-28 17:44:44.828610,DataLake
434,2,122,11,2024-04-28 17:44:44.828610,DataLake
435,2,123,18,2024-04-28 17:44:44.828610,DataLake
436,2,124,4,2024-04-28 17:44:44.828610,DataLake
437,2,125,10,2024-04-28 17:44:44.828610,DataLake
438,2,126,13,2024-04-28 17:44:44.828610,DataLake
439,2,127,12,2024-04-28 17:44:44.828610,DataLake
440,2,128,28,2024-04-28 17:44:44.828610,DataLake
441,2,129,21,2024-04-28 17:44:44.828610,DataLake
442,2,130,17,2024-04-28 17:44:44.828610,DataLake
443,2,131,9,2024-04-28 17:44:44.828610,DataLake
444,2,132,6,2024-04-28 17:44:44.828610,DataLake
445,2,133,28,2024-04-28 17:44:44.828610,DataLake
446,2,134,13,2024-04-28 17:44:44.828610,DataLake
447,2,135,30,2024-04-28 17:44:44.828610,DataLake
448,2,136,8,2024-04-28 17:44:44.828610,DataLake
449,2,137,1,2024-04-28 17:44:44.828610,DataLake
450,2,138,16,2024-04-28 17:44:44.828610,DataLake
451,2,139,24,2024-04-28 17:44:44.828610,DataLake
452,2,140,13,2024-04-28 17:44:44.828610,DataLake
453,2,141,28,2024-04-28 17:44:44.828610,DataLake
454,2,142,24,2024-04-28 17:44:44.828610,DataLake
455,2,143,12,2024-04-28 17:44:44.828610,DataLake
456,2,144,4,2024-04-28 17:44:44.828610,DataLake
457,2,145,23,2024-04-28 17:44:44.828610,DataLake
458,2,146,3,2024-04-28 17:44:44.828610,DataLake
459,2,147,13,2024-04-28 17:44:44.828610,DataLake
460,2,148,27,2024-04-28 17:44:44.828610,DataLake
461,2,149,22,2024-04-28 17:44:44.828610,DataLake
462,2,150,7,2024-04-28 17:44:44.828610,DataLake
463,2,151,2,2024-04-28 17:44:44.828610,DataLake
464,2,152,21,2024-04-28 17:44:44.828610,DataLake
465,2,153,21,2024-04-28 17:44:44.828610,DataLake
466,2,154,9,2024-04-28 17:44:44.828610,DataLake
467,2,155,21,2024-04-28 17:44:44.828610,DataLake
468,2,156,8,2024-04-28 17:44:44.828610,DataLake
469,2,157,28,2024-04-28 17:44:44.828610,DataLake
470,2,158,0,2024-04-28 17:44:44.828610,DataLake
471,2,159,30,2024-04-28 17:44:44.828610,DataLake
472,2,160,4,2024-04-28 17:44:44.828610,DataLake
473,2,161,9,2024-04-28 17:44:44.828610,DataLake
474,2,162,18,2024-04-28 17:44:44.828610,DataLake
475,2,163,30,2024-04-28 17:44:44.828610,DataLake
476,2,164,9,2024-04-28 17:44:44.828610,DataLake
477,2,165,6,2024-04-28 17:44:44.828610,DataLake
478,2,166,27,2024-04-28 17:44:44.828610,DataLake
479,2,167,1,2024-04-28 17:44:44.828610,DataLake
480,2,168,29,2024-04-28 17:44:44.828610,DataLake
481,2,169,1,2024-04-28 17:44:44.828610,DataLake
482,2,170,2,2024-04-28 17:44:44.828610,DataLake
483,2,171,28,2024-04-28 17:44:44.828610,DataLake
484,2,172,16,2024-04-28 17:44:44.828610,DataLake
485,2,173,17,2024-04-28 17:44:44.828610,DataLake
486,2,174,8,2024-04-28 17:44:44.828610,DataLake
487,2,175,0,2024-04-28 17:44:44.828610,DataLake
488,2,176,26,2024-04-28 17:44:44.828610,DataLake
489,2,177,9,2024-04-28 17:44:44.828610,DataLake
490,2,178,1,2024-04-28 17:44:44.828610,DataLake
491,2,179,16,2024-04-28 17:44:44.828610,DataLake
492,2,180,3,2024-04-28 17:44:44.828610,DataLake
493,2,181,29,2024-04-28 17:44:44.828610,DataLake
494,2,182,21,2024-04-28 17:44:44.828610,DataLake
495,2,183,26,2024-04-28 17:44:44.828610,DataLake
496,2,184,0,2024-04-28 17:44:44.828610,DataLake
497,2,185,4,2024-04-28 17:44:44.828610,DataLake
498,2,186,16,2024-04-28 17:44:44.828610,DataLake
499,2,187,10,2024-04-28 17:44:44.828610,DataLake
500,2,188,27,2024-04-28 17:44:44.828610,DataLake
501,2,189,13,2024-04-28 17:44:44.828610,DataLake
502,2,190,18,2024-04-28 17:44:44.828610,DataLake
503,2,191,15,2024-04-28 17:44:44.828610,DataLake
504,2,192,0,2024-04-28 17:44:44.828610,DataLake
505,2,193,21,2024-04-28 17:44:44.828610,DataLake
506,2,194,15,2024-04-28 17:44:44.828610,DataLake
507,2,195,19,2024-04-28 17:44:44.828610,DataLake
508,2,196,28,2024-04-28 17:44:44.828610,DataLake
509,2,197,10,2024-04-28 17:44:44.828610,DataLake
510,2,198,0,2024-04-28 17:44:44.828610,DataLake
511,2,199,13,2024-04-28 17:44:44.828610,DataLake
512,2,200,11,2024-04-28 17:44:44.828610,DataLake
513,2,201,24,2024-04-28 17:44:44.828610,DataLake
514,2,202,1,2024-04-28 17:44:44.828610,DataLake
515,2,203,7,2024-04-28 17:44:44.828610,DataLake
516,2,204,25,2024-04-28 17:44:44.828610,DataLake
517,2,205,13,2024-04-28 17:44:44.828610,DataLake
518,2,206,9,2024-04-28 17:44:44.828610,DataLake
519,2,207,8,2024-04-28 17:44:44.828610,DataLake
520,2,208,12,2024-04-28 17:44:44.828610,DataLake
521,2,209,11,2024-04-28 17:44:44.828610,DataLake
522,2,210,10,2024-04-28 17:44:44.828610,DataLake
523,2,211,4,2024-04-28 17:44:44.828610,DataLake
524,2,212,22,2024-04-28 17:44:44.828610,DataLake
525,2,213,10,2024-04-28 17:44:44.828610,DataLake
526,2,214,7,2024-04-28 17:44:44.828610,DataLake
527,2,215,11,2024-04-28 17:44:44.828610,DataLake
528,2,216,19,2024-04-28 17:44:44.828610,DataLake
529,2,217,22,2024-04-28 17:44:44.828610,DataLake
530,2,218,26,2024-04-28 17:44:44.828610,DataLake
531,2,219,16,2024-04-28 17:44:44.828610,DataLake
532,2,220,6,2024-04-28 17:44:44.828610,DataLake
533,2,221,12,2024-04-28 17:44:44.828610,DataLake
534,2,222,30,2024-04-28 17:44:44.828610,DataLake
535,2,223,7,2024-04-28 17:44:44.828610,DataLake
536,2,224,4,2024-04-28 17:44:44.828610,DataLake
537,2,225,11,2024-04-28 17:44:44.828610,DataLake
538,2,226,5,2024-04-28 17:44:44.828610,DataLake
539,2,227,12,2024-04-28 17:44:44.828610,DataLake
540,2,228,7,2024-04-28 17:44:44.828610,DataLake
541,2,229,29,2024-04-28 17:44:44.828610,DataLake
542,2,230,25,2024-04-28 17:44:44.828610,DataLake
543,2,231,8,2024-04-28 17:44:44.828610,DataLake
544,2,232,11,2024-04-28 17:44:44.828610,DataLake
545,2,233,25,2024-04-28 17:44:44.828610,DataLake
546,2,234,12,2024-04-28 17:44:44.828610,DataLake
547,2,235,4,2024-04-28 17:44:44.828610,DataLake
548,2,236,7,2024-04-28 17:44:44.828610,DataLake
549,2,237,30,2024-04-28 17:44:44.828610,DataLake
550,2,238,6,2024-04-28 17:44:44.828610,DataLake
551,2,239,17,2024-04-28 17:44:44.828610,DataLake
552,2,240,19,2024-04-28 17:44:44.828610,DataLake
553,2,241,24,2024-04-28 17:44:44.828610,DataLake
554,2,242,2,2024-04-28 17:44:44.828610,DataLake
555,2,243,18,2024-04-28 17:44:44.828610,DataLake
556,2,244,1,2024-04-28 17:44:44.828610,DataLake
557,2,245,18,2024-04-28 17:44:44.828610,DataLake
558,2,246,10,2024-04-28 17:44:44.828610,DataLake
559,2,247,16,2024-04-28 17:44:44.828610,DataLake
560,2,248,26,2024-04-28 17:44:44.828610,DataLake
561,2,249,10,2024-04-28 17:44:44.828610,DataLake
562,2,250,23,2024-04-28 17:44:44.828610,DataLake
563,2,251,0,2024-04-28 17:44:44.828610,DataLake
564,2,252,20,2024-04-28 17:44:44.828610,DataLake
565,2,253,29,2024-04-28 17:44:44.828610,DataLake
566,2,254,7,2024-04-28 17:44:44.828610,DataLake
567,2,255,12,2024-04-28 17:44:44.828610,DataLake
568,2,256,8,2024-04-28 17:44:44.828610,DataLake
569,2,257,5,2024-04-28 17:44:44.828610,DataLake
570,2,258,10,2024-04-28 17:44:44.828610,DataLake
571,2,259,16,2024-04-28 17:44:44.828610,DataLake
572,2,260,20,2024-04-28 17:44:44.828610,DataLake
573,2,261,4,2024-04-28 17:44:44.828610,DataLake
574,2,262,8,2024-04-28 17:44:44.828610,DataLake
575,2,263,4,2024-04-28 17:44:44.828610,DataLake
576,2,264,13,2024-04-28 17:44:44.828610,DataLake
577,2,265,4,2024-04-28 17:44:44.828610,DataLake
578,2,266,18,2024-04-28 17:44:44.828610,DataLake
579,2,267,21,2024-04-28 17:44:44.828610,DataLake
580,2,268,3,2024-04-28 17:44:44.828610,DataLake
581,2,269,4,2024-04-28 17:44:44.828610,DataLake
582,2,270,15,2024-04-28 17:44:44.828610,DataLake
583,2,271,26,2024-04-28 17:44:44.828610,DataLake
584,2,272,1,2024-04-28 17:44:44.828610,DataLake
585,2,273,28,2024-04-28 17:44:44.828610,DataLake
586,2,274,15,2024-04-28 17:44:44.828610,DataLake
587,2,275,3,2024-04-28 17:44:44.828610,DataLake
588,2,276,9,2024-04-28 17:44:44.828610,DataLake
589,2,277,4,2024-04-28 17:44:44.828610,DataLake
590,2,278,8,2024-04-28 17:44:44.828610,DataLake
591,2,279,18,2024-04-28 17:44:44.828610,DataLake
592,2,280,11,2024-04-28 17:44:44.828610,DataLake
593,2,281,3,2024-04-28 17:44:44.828610,DataLake
594,2,282,8,2024-04-28 17:44:44.828610,DataLake
595,2,283,28,2024-04-28 17:44:44.828610,DataLake
596,2,284,6,2024-04-28 17:44:44.828610,DataLake
597,2,285,22,2024-04-28 17:44:44.828610,DataLake
598,2,286,3,2024-04-28 17:44:44.828610,DataLake
599,2,287,15,2024-04-28 17:44:44.828610,DataLake
600,2,288,13,2024-04-28 17:44:44.828610,DataLake
601,2,289,5,2024-04-28 17:44:44.828610,DataLake
602,2,290,29,2024-04-28 17:44:44.828610,DataLake
603,2,291,22,2024-04-28 17:44:44.828610,DataLake
604,2,292,22,2024-04-28 17:44:44.828610,DataLake
605,2,293,12,2024-04-28 17:44:44.828610,DataLake
606,2,294,7,2024-04-28 17:44:44.828610,DataLake
607,2,295,15,2024-04-28 17:44:44.828610,DataLake
608,2,296,8,2024-04-28 17:44:44.828610,DataLake
609,2,297,7,2024-04-28 17:44:44.828610,DataLake
610,2,298,27,2024-04-28 17:44:44.828610,DataLake
611,2,299,0,2024-04-28 17:44:44.828610,DataLake
612,2,300,13,2024-04-28 17:44:44.828610,DataLake
613,2,301,26,2024-04-28 17:44:44.828610,DataLake
614,2,302,6,2024-04-28 17:44:44.828610,DataLake
615,2,303,23,2024-04-28 17:44:44.828610,DataLake
616,2,304,6,2024-04-28 17:44:44.828610,DataLake
617,2,305,21,2024-04-28 17:44:44.828610,DataLake
618,2,306,17,2024-04-28 17:44:44.828610,DataLake
619,2,307,18,2024-04-28 17:44:44.828610,DataLake
620,2,308,15,2024-04-28 17:44:44.828610,DataLake
621,2,309,9,2024-04-28 17:44:44.828610,DataLake
622,2,310,5,2024-04-28 17:44:44.828610,DataLake
623,2,311,27,2024-04-28 17:44:44.828610,DataLake
624,2,312,2,2024-04-28 17:44:44.828610,DataLake
625,2,313,24,2024-04-28 17:44:44.828610,DataLake
626,3,1,14,2024-04-28 17:44:44.828610,DataLake
627,3,2,24,2024-04-28 17:44:44.828610,DataLake
628,3,3,0,2024-04-28 17:44:44.828610,DataLake
629,3,4,11,2024-04-28 17:44:44.828610,DataLake
630,3,5,3,2024-04-28 17:44:44.828610,DataLake
631,3,6,27,2024-04-28 17:44:44.828610,DataLake
632,3,7,12,2024-04-28 17:44:44.828610,DataLake
633,3,8,12,2024-04-28 17:44:44.828610,DataLake
634,3,9,23,2024-04-28 17:44:44.828610,DataLake
635,3,10,21,2024-04-28 17:44:44.828610,DataLake
636,3,11,30,2024-04-28 17:44:44.828610,DataLake
637,3,12,30,2024-04-28 17:44:44.828610,DataLake
638,3,13,19,2024-04-28 17:44:44.828610,DataLake
639,3,14,4,2024-04-28 17:44:44.828610,DataLake
640,3,15,22,2024-04-28 17:44:44.828610,DataLake
641,3,16,19,2024-04-28 17:44:44.828610,DataLake
642,3,17,22,2024-04-28 17:44:44.828610,DataLake
643,3,18,5,2024-04-28 17:44:44.828610,DataLake
644,3,19,24,2024-04-28 17:44:44.828610,DataLake
645,3,20,19,2024-04-28 17:44:44.828610,DataLake
646,3,21,8,2024-04-28 17:44:44.828610,DataLake
647,3,22,20,2024-04-28 17:44:44.828610,DataLake
648,3,23,8,2024-04-28 17:44:44.828610,DataLake
649,3,24,18,2024-04-28 17:44:44.828610,DataLake
650,3,25,15,2024-04-28 17:44:44.828610,DataLake
651,3,26,27,2024-04-28 17:44:44.828610,DataLake
652,3,27,21,2024-04-28 17:44:44.828610,DataLake
653,3,28,20,2024-04-28 17:44:44.828610,DataLake
654,3,29,11,2024-04-28 17:44:44.828610,DataLake
655,3,30,23,2024-04-28 17:44:44.828610,DataLake
656,3,31,10,2024-04-28 17:44:44.828610,DataLake
657,3,32,14,2024-04-28 17:44:44.828610,DataLake
658,3,33,14,2024-04-28 17:44:44.828610,DataLake
659,3,34,6,2024-04-28 17:44:44.828610,DataLake
660,3,35,3,2024-04-28 17:44:44.828610,DataLake
661,3,36,28,2024-04-28 17:44:44.828610,DataLake
662,3,37,30,2024-04-28 17:44:44.828610,DataLake
663,3,38,23,2024-04-28 17:44:44.828610,DataLake
664,3,39,22,2024-04-28 17:44:44.828610,DataLake
665,3,40,2,2024-04-28 17:44:44.828610,DataLake
666,3,41,25,2024-04-28 17:44:44.828610,DataLake
667,3,42,9,2024-04-28 17:44:44.828610,DataLake
668,3,43,26,2024-04-28 17:44:44.828610,DataLake
669,3,44,26,2024-04-28 17:44:44.828610,DataLake
670,3,45,1,2024-04-28 17:44:44.828610,DataLake
671,3,46,16,2024-04-28 17:44:44.828610,DataLake
672,3,47,14,2024-04-28 17:44:44.828610,DataLake
673,3,48,2,2024-04-28 17:44:44.828610,DataLake
674,3,49,4,2024-04-28 17:44:44.828610,DataLake
675,3,50,25,2024-04-28 17:44:44.828610,DataLake
676,3,51,2,2024-04-28 17:44:44.828610,DataLake
677,3,52,8,2024-04-28 17:44:44.828610,DataLake
678,3,53,6,2024-04-28 17:44:44.828610,DataLake
679,3,54,13,2024-04-28 17:44:44.828610,DataLake
680,3,55,5,2024-04-28 17:44:44.828610,DataLake
681,3,56,19,2024-04-28 17:44:44.828610,DataLake
682,3,57,9,2024-04-28 17:44:44.828610,DataLake
683,3,58,27,2024-04-28 17:44:44.828610,DataLake
684,3,59,0,2024-04-28 17:44:44.828610,DataLake
685,3,60,7,2024-04-28 17:44:44.828610,DataLake
686,3,61,28,2024-04-28 17:44:44.828610,DataLake
687,3,62,4,2024-04-28 17:44:44.828610,DataLake
688,3,63,8,2024-04-28 17:44:44.828610,DataLake
689,3,64,22,2024-04-28 17:44:44.828610,DataLake
690,3,65,1,2024-04-28 17:44:44.828610,DataLake
691,3,66,3,2024-04-28 17:44:44.828610,DataLake
692,3,67,6,2024-04-28 17:44:44.828610,DataLake
693,3,68,18,2024-04-28 17:44:44.828610,DataLake
694,3,69,29,2024-04-28 17:44:44.828610,DataLake
695,3,70,2,2024-04-28 17:44:44.828610,DataLake
696,3,71,13,2024-04-28 17:44:44.828610,DataLake
697,3,72,6,2024-04-28 17:44:44.828610,DataLake
698,3,73,3,2024-04-28 17:44:44.828610,DataLake
699,3,74,17,2024-04-28 17:44:44.828610,DataLake
700,3,75,29,2024-04-28 17:44:44.828610,DataLake
701,3,76,23,2024-04-28 17:44:44.828610,DataLake
702,3,77,23,2024-04-28 17:44:44.828610,DataLake
703,3,78,19,2024-04-28 17:44:44.828610,DataLake
704,3,79,29,2024-04-28 17:44:44.828610,DataLake
705,3,80,22,2024-04-28 17:44:44.828610,DataLake
706,3,81,18,2024-04-28 17:44:44.828610,DataLake
707,3,82,7,2024-04-28 17:44:44.828610,DataLake
708,3,83,23,2024-04-28 17:44:44.828610,DataLake
709,3,84,15,2024-04-28 17:44:44.828610,DataLake
710,3,85,15,2024-04-28 17:44:44.828610,DataLake
711,3,86,27,2024-04-28 17:44:44.828610,DataLake
712,3,87,16,2024-04-28 17:44:44.828610,DataLake
713,3,88,28,2024-04-28 17:44:44.828610,DataLake
714,3,89,22,2024-04-28 17:44:44.828610,DataLake
715,3,90,9,2024-04-28 17:44:44.828610,DataLake
716,3,91,8,2024-04-28 17:44:44.828610,DataLake
717,3,92,28,2024-04-28 17:44:44.828610,DataLake
718,3,93,18,2024-04-28 17:44:44.828610,DataLake
719,3,94,15,2024-04-28 17:44:44.828610,DataLake
720,3,95,14,2024-04-28 17:44:44.828610,DataLake
721,3,96,1,2024-04-28 17:44:44.828610,DataLake
722,3,97,28,2024-04-28 17:44:44.828610,DataLake
723,3,98,5,2024-04-28 17:44:44.828610,DataLake
724,3,99,19,2024-04-28 17:44:44.828610,DataLake
725,3,100,28,2024-04-28 17:44:44.828610,DataLake
726,3,101,17,2024-04-28 17:44:44.828610,DataLake
727,3,102,22,2024-04-28 17:44:44.828610,DataLake
728,3,103,10,2024-04-28 17:44:44.828610,DataLake
729,3,104,22,2024-04-28 17:44:44.828610,DataLake
730,3,105,1,2024-04-28 17:44:44.828610,DataLake
731,3,106,1,2024-04-28 17:44:44.828610,DataLake
732,3,107,11,2024-04-28 17:44:44.828610,DataLake
733,3,108,23,2024-04-28 17:44:44.828610,DataLake
734,3,109,24,2024-04-28 17:44:44.828610,DataLake
735,3,110,11,2024-04-28 17:44:44.828610,DataLake
736,3,111,29,2024-04-28 17:44:44.828610,DataLake
737,3,112,24,2024-04-28 17:44:44.828610,DataLake
738,3,113,23,2024-04-28 17:44:44.828610,DataLake
739,3,114,12,2024-04-28 17:44:44.828610,DataLake
740,3,115,25,2024-04-28 17:44:44.828610,DataLake
741,3,116,30,2024-04-28 17:44:44.828610,DataLake
742,3,117,23,2024-04-28 17:44:44.828610,DataLake
743,3,118,9,2024-04-28 17:44:44.828610,DataLake
744,3,119,29,2024-04-28 17:44:44.828610,DataLake
745,3,120,25,2024-04-28 17:44:44.828610,DataLake
746,3,121,4,2024-04-28 17:44:44.828610,DataLake
747,3,122,8,2024-04-28 17:44:44.828610,DataLake
748,3,123,15,2024-04-28 17:44:44.828610,DataLake
749,3,124,11,2024-04-28 17:44:44.828610,DataLake
750,3,125,2,2024-04-28 17:44:44.828610,DataLake
751,3,126,5,2024-04-28 17:44:44.828610,DataLake
752,3,127,4,2024-04-28 17:44:44.828610,DataLake
753,3,128,20,2024-04-28 17:44:44.828610,DataLake
754,3,129,10,2024-04-28 17:44:44.828610,DataLake
755,3,130,20,2024-04-28 17:44:44.828610,DataLake
756,3,131,23,2024-04-28 17:44:44.828610,DataLake
757,3,132,16,2024-04-28 17:44:44.828610,DataLake
758,3,133,16,2024-04-28 17:44:44.828610,DataLake
759,3,134,17,2024-04-28 17:44:44.828610,DataLake
760,3,135,15,2024-04-28 17:44:44.828610,DataLake
761,3,136,4,2024-04-28 17:44:44.828610,DataLake
762,3,137,17,2024-04-28 17:44:44.828610,DataLake
763,3,138,17,2024-04-28 17:44:44.828610,DataLake
764,3,139,21,2024-04-28 17:44:44.828610,DataLake
765,3,140,3,2024-04-28 17:44:44.828610,DataLake
766,3,141,4,2024-04-28 17:44:44.828610,DataLake
767,3,142,29,2024-04-28 17:44:44.828610,DataLake
768,3,143,9,2024-04-28 17:44:44.828610,DataLake
769,3,144,9,2024-04-28 17:44:44.828610,DataLake
770,3,145,11,2024-04-28 17:44:44.828610,DataLake
771,3,146,9,2024-04-28 17:44:44.828610,DataLake
772,3,147,3,2024-04-28 17:44:44.828610,DataLake
773,3,148,6,2024-04-28 17:44:44.828610,DataLake
774,3,149,1,2024-04-28 17:44:44.828610,DataLake
775,3,150,21,2024-04-28 17:44:44.828610,DataLake
776,3,151,1,2024-04-28 17:44:44.828610,DataLake
777,3,152,1,2024-04-28 17:44:44.828610,DataLake
778,3,153,7,2024-04-28 17:44:44.828610,DataLake
779,3,154,22,2024-04-28 17:44:44.828610,DataLake
780,3,155,25,2024-04-28 17:44:44.828610,DataLake
781,3,156,14,2024-04-28 17:44:44.828610,DataLake
782,3,157,12,2024-04-28 17:44:44.828610,DataLake
783,3,158,17,2024-04-28 17:44:44.828610,DataLake
784,3,159,6,2024-04-28 17:44:44.828610,DataLake
785,3,160,27,2024-04-28 17:44:44.828610,DataLake
786,3,161,11,2024-04-28 17:44:44.828610,DataLake
787,3,162,11,2024-04-28 17:44:44.828610,DataLake
788,3,163,11,2024-04-28 17:44:44.828610,DataLake
789,3,164,18,2024-04-28 17:44:44.828610,DataLake
790,3,165,19,2024-04-28 17:44:44.828610,DataLake
791,3,166,27,2024-04-28 17:44:44.828610,DataLake
792,3,167,8,2024-04-28 17:44:44.828610,DataLake
793,3,168,23,2024-04-28 17:44:44.828610,DataLake
794,3,169,3,2024-04-28 17:44:44.828610,DataLake
795,3,170,13,2024-04-28 17:44:44.828610,DataLake
796,3,171,11,2024-04-28 17:44:44.828610,DataLake
797,3,172,22,2024-04-28 17:44:44.828610,DataLake
798,3,173,15,2024-04-28 17:44:44.828610,DataLake
799,3,174,1,2024-04-28 17:44:44.828610,DataLake
800,3,175,3,2024-04-28 17:44:44.828610,DataLake
801,3,176,6,2024-04-28 17:44:44.828610,DataLake
802,3,177,2,2024-04-28 17:44:44.828610,DataLake
803,3,178,12,2024-04-28 17:44:44.828610,DataLake
804,3,179,20,2024-04-28 17:44:44.828610,DataLake
805,3,180,6,2024-04-28 17:44:44.828610,DataLake
806,3,181,8,2024-04-28 17:44:44.828610,DataLake
807,3,182,28,2024-04-28 17:44:44.828610,DataLake
808,3,183,26,2024-04-28 17:44:44.828610,DataLake
809,3,184,21,2024-04-28 17:44:44.828610,DataLake
810,3,185,15,2024-04-28 17:44:44.828610,DataLake
811,3,186,30,2024-04-28 17:44:44.828610,DataLake
812,3,187,2,2024-04-28 17:44:44.828610,DataLake
813,3,188,29,2024-04-28 17:44:44.828610,DataLake
814,3,189,20,2024-04-28 17:44:44.828610,DataLake
815,3,190,20,2024-04-28 17:44:44.828610,DataLake
816,3,191,23,2024-04-28 17:44:44.828610,DataLake
817,3,192,10,2024-04-28 17:44:44.828610,DataLake
818,3,193,5,2024-04-28 17:44:44.828610,DataLake
819,3,194,20,2024-04-28 17:44:44.828610,DataLake
820,3,195,20,2024-04-28 17:44:44.828610,DataLake
821,3,196,25,2024-04-28 17:44:44.828610,DataLake
822,3,197,8,2024-04-28 17:44:44.828610,DataLake
823,3,198,27,2024-04-28 17:44:44.828610,DataLake
824,3,199,5,2024-04-28 17:44:44.828610,DataLake
825,3,200,29,2024-04-28 17:44:44.828610,DataLake
826,3,201,30,2024-04-28 17:44:44.828610,DataLake
827,3,202,11,2024-04-28 17:44:44.828610,DataLake
828,3,203,6,2024-04-28 17:44:44.828610,DataLake
829,3,204,16,2024-04-28 17:44:44.828610,DataLake
830,3,205,3,2024-04-28 17:44:44.828610,DataLake
831,3,206,29,2024-04-28 17:44:44.828610,DataLake
832,3,207,29,2024-04-28 17:44:44.828610,DataLake
833,3,208,12,2024-04-28 17:44:44.828610,DataLake
834,3,209,1,2024-04-28 17:44:44.828610,DataLake
835,3,210,22,2024-04-28 17:44:44.828610,DataLake
836,3,211,3,2024-04-28 17:44:44.828610,DataLake
837,3,212,23,2024-04-28 17:44:44.828610,DataLake
838,3,213,10,2024-04-28 17:44:44.828610,DataLake
839,3,214,30,2024-04-28 17:44:44.828610,DataLake
840,3,215,12,2024-04-28 17:44:44.828610,DataLake
841,3,216,5,2024-04-28 17:44:44.828610,DataLake
842,3,217,4,2024-04-28 17:44:44.828610,DataLake
843,3,218,21,2024-04-28 17:44:44.828610,DataLake
844,3,219,29,2024-04-28 17:44:44.828610,DataLake
845,3,220,0,2024-04-28 17:44:44.828610,DataLake
846,3,221,25,2024-04-28 17:44:44.828610,DataLake
847,3,222,12,2024-04-28 17:44:44.828610,DataLake
848,3,223,29,2024-04-28 17:44:44.828610,DataLake
849,3,224,23,2024-04-28 17:44:44.828610,DataLake
850,3,225,12,2024-04-28 17:44:44.828610,DataLake
851,3,226,14,2024-04-28 17:44:44.828610,DataLake
852,3,227,22,2024-04-28 17:44:44.828610,DataLake
853,3,228,29,2024-04-28 17:44:44.828610,DataLake
854,3,229,7,2024-04-28 17:44:44.828610,DataLake
855,3,230,29,2024-04-28 17:44:44.828610,DataLake
856,3,231,6,2024-04-28 17:44:44.828610,DataLake
857,3,232,16,2024-04-28 17:44:44.828610,DataLake
858,3,233,9,2024-04-28 17:44:44.828610,DataLake
859,3,234,24,2024-04-28 17:44:44.828610,DataLake
860,3,235,1,2024-04-28 17:44:44.828610,DataLake
861,3,236,3,2024-04-28 17:44:44.828610,DataLake
862,3,237,16,2024-04-28 17:44:44.828610,DataLake
863,3,238,12,2024-04-28 17:44:44.828610,DataLake
864,3,239,29,2024-04-28 17:44:44.828610,DataLake
865,3,240,26,2024-04-28 17:44:44.828610,DataLake
866,3,241,8,2024-04-28 17:44:44.828610,DataLake
867,3,242,5,2024-04-28 17:44:44.828610,DataLake
868,3,243,7,2024-04-28 17:44:44.828610,DataLake
869,3,244,5,2024-04-28 17:44:44.828610,DataLake
870,3,245,10,2024-04-28 17:44:44.828610,DataLake
871,3,246,7,2024-04-28 17:44:44.828610,DataLake
872,3,247,3,2024-04-28 17:44:44.828610,DataLake
873,3,248,11,2024-04-28 17:44:44.828610,DataLake
874,3,249,6,2024-04-28 17:44:44.828610,DataLake
875,3,250,16,2024-04-28 17:44:44.828610,DataLake
876,3,251,10,2024-04-28 17:44:44.828610,DataLake
877,3,252,27,2024-04-28 17:44:44.828610,DataLake
878,3,253,15,2024-04-28 17:44:44.828610,DataLake
879,3,254,4,2024-04-28 17:44:44.828610,DataLake
880,3,255,17,2024-04-28 17:44:44.828610,DataLake
881,3,256,1,2024-04-28 17:44:44.828610,DataLake
882,3,257,25,2024-04-28 17:44:44.828610,DataLake
883,3,258,10,2024-04-28 17:44:44.828610,DataLake
884,3,259,0,2024-04-28 17:44:44.828610,DataLake
885,3,260,5,2024-04-28 17:44:44.828610,DataLake
886,3,261,24,2024-04-28 17:44:44.828610,DataLake
887,3,262,29,2024-04-28 17:44:44.828610,DataLake
888,3,263,21,2024-04-28 17:44:44.828610,DataLake
889,3,264,7,2024-04-28 17:44:44.828610,DataLake
890,3,265,22,2024-04-28 17:44:44.828610,DataLake
891,3,266,18,2024-04-28 17:44:44.828610,DataLake
892,3,267,12,2024-04-28 17:44:44.828610,DataLake
893,3,268,17,2024-04-28 17:44:44.828610,DataLake
894,3,269,26,2024-04-28 17:44:44.828610,DataLake
895,3,270,6,2024-04-28 17:44:44.828610,DataLake
896,3,271,23,2024-04-28 17:44:44.828610,DataLake
897,3,272,12,2024-04-28 17:44:44.828610,DataLake
898,3,273,19,2024-04-28 17:44:44.828610,DataLake
899,3,274,7,2024-04-28 17:44:44.828610,DataLake
900,3,275,23,2024-04-28 17:44:44.828610,DataLake
901,3,276,14,2024-04-28 17:44:44.828610,DataLake
902,3,277,26,2024-04-28 17:44:44.828610,DataLake
903,3,278,15,2024-04-28 17:44:44.828610,DataLake
904,3,279,15,2024-04-28 17:44:44.828610,DataLake
905,3,280,1,2024-04-28 17:44:44.828610,DataLake
906,3,281,2,2024-04-28 17:44:44.828610,DataLake
907,3,282,18,2024-04-28 17:44:44.828610,DataLake
908,3,283,1,2024-04-28 17:44:44.828610,DataLake
909,3,284,26,2024-04-28 17:44:44.828610,DataLake
910,3,285,2,2024-04-28 17:44:44.828610,DataLake
911,3,286,7,2024-04-28 17:44:44.828610,DataLake
912,3,287,26,2024-04-28 17:44:44.828610,DataLake
913,3,288,2,2024-04-28 17:44:44.828610,DataLake
914,3,289,2,2024-04-28 17:44:44.828610,DataLake
915,3,290,6,2024-04-28 17:44:44.828610,DataLake
916,3,291,10,2024-04-28 17:44:44.828610,DataLake
917,3,292,16,2024-04-28 17:44:44.828610,DataLake
918,3,293,14,2024-04-28 17:44:44.828610,DataLake
919,3,294,13,2024-04-28 17:44:44.828610,DataLake
920,3,295,9,2024-04-28 17:44:44.828610,DataLake
921,3,296,12,2024-04-28 17:44:44.828610,DataLake
922,3,297,22,2024-04-28 17:44:44.828610,DataLake
923,3,298,14,2024-04-28 17:44:44.828610,DataLake
924,3,299,29,2024-04-28 17:44:44.828610,DataLake
925,3,300,3,2024-04-28 17:44:44.828610,DataLake
926,3,301,29,2024-04-28 17:44:44.828610,DataLake
927,3,302,6,2024-04-28 17:44:44.828610,DataLake
928,3,303,13,2024-04-28 17:44:44.828610,DataLake
929,3,304,23,2024-04-28 17:44:44.828610,DataLake
930,3,305,11,2024-04-28 17:44:44.828610,DataLake
931,3,306,7,2024-04-28 17:44:44.828610,DataLake
932,3,307,17,2024-04-28 17:44:44.828610,DataLake
933,3,308,9,2024-04-28 17:44:44.828610,DataLake
934,3,309,30,2024-04-28 17:44:44.828610,DataLake
935,3,310,8,2024-04-28 17:44:44.828610,DataLake
936,3,311,23,2024-04-28 17:44:44.828610,DataLake
937,3,312,18,2024-04-28 17:44:44.828610,DataLake
938,3,313,0,2024-04-28 17:44:44.828610,DataLake
